<?xml version="1.0" encoding="UTF-8"?>
<Configuration status="WARN" monitorInterval="30">
    <Properties>
        <Property name="LOG_PATTERN">
            %d{yyyy-MM-dd HH:mm:ss.SSS} %5p ${hostName} --- [%15.15t] %-40.40c{1.} : %m%n%ex
        </Property>
        <Property name="log-path">logs</Property>
    </Properties>
    <Appenders>
        <RollingFile name="fileLogger" fileName="${log-path}/pcm.log" filePattern="${log-path}/pcm.%d{MM-dd-yyyy-HH-mm-ss}.%i.log">
            <PatternLayout>
                <pattern>[%-5level] %d{yyyy-MM-dd HH:mm:ss.SSS} %c{1.} [%t] - %msg%n</pattern>
            </PatternLayout>
            <Policies>
                <SizeBasedTriggeringPolicy size="10 MB" />
            </Policies>
            <DefaultRolloverStrategy max="100">
                <Delete basePath="${log-path}" maxDepth="2">
                    <IfFileName glob="*/pcm.*.log">
                        <IfLastModified age="30d">
                            <IfAny>
                                <IfAccumulatedFileSize exceeds="1 GB" />
                                <IfAccumulatedFileCount exceeds="10" />
                            </IfAny>
                        </IfLastModified>
                    </IfFileName>
                </Delete>
            </DefaultRolloverStrategy>
        </RollingFile>

        <Console name="ConsoleAppender" target="SYSTEM_OUT" follow="true">
            <PatternLayout pattern="${LOG_PATTERN}"/>
        </Console>
    </Appenders>

    <Loggers>
        <Logger name="com.axonactive.pcm" level="debug" additivity="false">
            <AppenderRef ref="ConsoleAppender" />
            <AppenderRef ref="fileLogger" level="info"/>
        </Logger>
    </Loggers>
</Configuration>